{"cameraMode":{"drawMode":0,"name":"Shaded","section":"Shading Mode"},"sceneLighting":true,"audioPlay":false,"sceneViewState":{"showFog":true,"showMaterialUpdate":true,"showSkybox":true,"showFlares":true,"showImageEffects":true,"showParticleSystems":true},"in2DMode":false,"pivot":{"x":-6.736140727996826,"y":0.5056018829345703,"z":13.0},"rotation":{"x":0.23125438392162324,"y":-0.07084867358207703,"z":0.01688830740749836,"w":0.9701632857322693},"size":4.423187255859375,"orthographic":true}