{"cameraMode":{"drawMode":0,"name":"Shaded","section":"Shading Mode"},"sceneLighting":false,"audioPlay":false,"sceneViewState":{"showFog":true,"showMaterialUpdate":true,"showSkybox":true,"showFlares":true,"showImageEffects":true,"showParticleSystems":true},"in2DMode":false,"pivot":{"x":-4.826171875,"y":6.055419921875,"z":4.267578125},"rotation":{"x":0.08469441533088684,"y":-0.12757985293865205,"z":0.010926863178610802,"w":0.9881451725959778},"size":6.600740432739258,"orthographic":true}